grid_size,threads,episodes,obstacles,Blocks
10,10,1000,5,1
20,5,100,5,1
100,10,1000,20,1
5,1,100,1,1
5,1,1000,1,1
10,40,1000,5,1
20,10,100,1,1
5,5,100,20,1
10,1,100,5,1
100,1,1000,20,1
10,20,100,5,1
5,2,100,5,1
100,2,100,1,1
100,2,1000,5,1
5,5,1000,5,1
10,10,100,1,1
100,5,100,1,1
20,40,100,5,1
100,5,100,20,1
20,40,1000,1,1
10,2,100,1,1
10,40,100,20,1
5,2,1000,5,1
100,2,100,20,1
100,20,100,20,1
100,5,1000,1,1
10,1,1000,5,1
10,2,1000,1,1
5,2,100,20,1
100,5,100,5,1
5,20,100,1,1
5,2,1000,1,1
5,20,100,20,1
100,2,100,5,1
5,20,1000,20,1
20,40,1000,20,1
20,10,1000,5,1
20,5,1000,20,1
5,40,100,5,1
20,20,1000,1,1
10,2,1000,20,1
20,40,100,1,1
100,10,100,20,1
100,1,1000,5,1
10,20,1000,1,1
20,1,100,20,1
20,10,100,20,1
10,1,100,1,1
20,2,100,1,1
10,40,1000,1,1
10,2,1000,5,1
10,20,1000,5,1
10,2,100,20,1
20,2,1000,1,1
100,1,100,1,1
20,40,1000,5,1
5,20,1000,5,1
20,1,100,1,1
20,20,1000,5,1
20,1,1000,20,1
5,5,100,5,1
100,1,1000,1,1
5,1,100,5,1
5,2,1000,20,1
10,10,100,20,1
20,20,100,1,1
100,10,1000,1,1
5,10,1000,1,1
20,5,100,20,1
100,40,100,5,1
100,20,100,5,1
20,20,100,20,1
10,5,1000,20,1
100,40,1000,1,1
20,2,1000,5,1
5,10,1000,5,1
10,1,1000,20,1
10,10,100,5,1
10,5,100,20,1
5,20,100,5,1
10,1,100,20,1
100,10,1000,5,1
10,40,100,5,1
100,2,1000,20,1
10,10,1000,20,1
20,5,1000,1,1
100,10,100,5,1
5,40,100,20,1
100,20,1000,1,1
100,5,1000,5,1
20,2,1000,20,1
100,2,1000,1,1
20,2,100,5,1
5,10,100,5,1
100,40,1000,20,1
100,10,100,1,1
100,1,100,20,1
5,2,100,1,1
5,1,100,20,1
20,20,100,5,1
10,10,1000,1,1
10,20,100,1,1
5,5,100,1,1
100,20,1000,20,1
20,10,1000,1,1
5,1,1000,20,1
5,1,1000,5,1
10,5,100,5,1
5,40,1000,1,1
10,1,1000,1,1
20,10,1000,20,1
100,40,100,20,1
10,40,100,1,1
10,20,100,20,1
20,10,100,5,1
100,5,1000,20,1
20,5,1000,5,1
5,10,1000,20,1
5,40,1000,20,1
10,2,100,5,1
20,20,1000,20,1
5,10,100,1,1
5,40,1000,5,1
20,40,100,20,1
10,40,1000,20,1
100,1,100,5,1
100,20,1000,5,1
20,1,1000,1,1
20,1,1000,5,1
100,40,1000,5,1
100,40,100,1,1
5,10,100,20,1
20,1,100,5,1
100,20,100,1,1
5,5,1000,1,1
5,20,1000,1,1
10,20,1000,20,1
10,5,100,1,1
5,40,100,1,1
10,5,1000,1,1
10,5,1000,5,1
20,2,100,20,1
20,5,100,1,1
5,5,1000,20,1
100,10,1000,5,2
100,2,1000,5,2
20,5,100,5,2
10,1,100,5,2
5,40,100,1,2
20,20,100,5,2
100,1,1000,1,2
100,2,100,20,2
20,2,100,5,2
10,20,100,1,2
10,2,100,5,2
100,20,100,5,2
5,5,1000,20,2
100,2,1000,20,2
20,40,100,20,2
20,1,100,20,2
20,2,1000,5,2
100,5,100,20,2
100,2,100,1,2
20,10,100,5,2
10,10,1000,5,2
100,2,100,5,2
5,1,1000,1,2
5,20,100,1,2
10,5,1000,20,2
20,1,1000,20,2
5,40,100,5,2
5,40,100,20,2
20,2,1000,20,2
20,20,1000,1,2
100,10,1000,1,2
20,40,1000,20,2
10,20,1000,5,2
10,10,100,5,2
100,10,100,5,2
10,5,100,5,2
20,20,1000,20,2
20,40,100,1,2
5,2,1000,1,2
100,1,100,5,2
10,5,100,20,2
20,5,100,1,2
20,10,1000,20,2
5,1,100,1,2
10,1,1000,5,2
10,1,100,1,2
10,40,1000,5,2
20,40,1000,1,2
10,10,100,20,2
10,5,1000,1,2
20,2,1000,1,2
10,10,100,1,2
10,10,1000,20,2
20,5,100,20,2
100,1,100,1,2
20,2,100,1,2
10,2,1000,1,2
5,10,1000,1,2
10,20,100,5,2
5,10,1000,20,2
100,5,1000,5,2
20,20,100,1,2
100,40,100,1,2
100,10,100,20,2
5,40,1000,5,2
100,40,1000,1,2
20,20,100,20,2
10,5,100,1,2
100,5,1000,1,2
5,5,100,20,2
100,20,1000,5,2
5,10,1000,5,2
10,40,100,1,2
100,10,100,1,2
5,1,1000,5,2
20,20,1000,5,2
10,10,1000,1,2
5,5,1000,5,2
100,20,1000,20,2
5,2,100,5,2
100,20,100,1,2
100,5,100,5,2
20,10,1000,1,2
20,5,1000,20,2
5,20,100,5,2
10,40,100,20,2
20,5,1000,1,2
10,1,100,20,2
5,2,1000,20,2
20,40,100,5,2
5,5,1000,1,2
20,1,100,1,2
5,1,1000,20,2
10,20,1000,1,2
10,40,1000,20,2
5,5,100,1,2
10,40,1000,1,2
100,1,1000,5,2
100,20,100,20,2
100,1,1000,20,2
100,40,1000,20,2
20,1,100,5,2
5,10,100,5,2
20,1,1000,1,2
5,2,100,20,2
5,20,1000,1,2
5,1,100,5,2
20,40,1000,5,2
10,2,1000,20,2
10,20,100,20,2
20,1,1000,5,2
5,40,1000,20,2
10,2,1000,5,2
10,5,1000,5,2
5,10,100,20,2
20,10,100,20,2
5,20,1000,20,2
100,40,1000,5,2
5,2,100,1,2
10,40,100,5,2
100,20,1000,1,2
100,10,1000,20,2
20,10,100,1,2
100,2,1000,1,2
5,10,100,1,2
100,1,100,20,2
10,2,100,1,2
100,40,100,5,2
10,20,1000,20,2
100,5,100,1,2
10,2,100,20,2
20,5,1000,5,2
10,1,1000,20,2
5,1,100,20,2
100,5,1000,20,2
10,1,1000,1,2
5,2,1000,5,2
20,10,1000,5,2
100,40,100,20,2
20,2,100,20,2
5,5,100,5,2
5,40,1000,1,2
5,20,1000,5,2
5,20,100,20,2
10,5,1000,20,3
100,2,100,5,3
20,1,1000,5,3
20,1,1000,1,3
20,40,1000,1,3
20,10,100,20,3
20,1,100,20,3
100,1,1000,20,3
100,20,100,5,3
5,2,1000,20,3
5,10,100,1,3
5,40,100,20,3
5,10,1000,1,3
10,5,100,20,3
5,20,1000,5,3
100,5,1000,20,3
100,1,1000,1,3
100,5,1000,5,3
20,20,100,1,3
10,20,100,1,3
20,20,1000,20,3
100,10,1000,20,3
20,10,1000,1,3
5,2,1000,5,3
10,40,1000,1,3
10,10,1000,5,3
20,40,100,5,3
100,40,100,5,3
100,2,100,20,3
10,40,100,5,3
10,2,100,20,3
20,2,1000,1,3
20,40,1000,5,3
5,1,1000,1,3
100,40,100,20,3
5,5,1000,1,3
10,40,100,20,3
5,2,1000,1,3
20,20,100,20,3
5,10,1000,20,3
20,40,100,1,3
100,2,100,1,3
5,10,100,5,3
100,40,1000,20,3
5,20,100,1,3
5,5,100,1,3
5,2,100,20,3
5,1,1000,20,3
100,5,100,5,3
100,10,100,1,3
20,2,100,5,3
100,2,1000,5,3
20,2,100,1,3
100,40,1000,1,3
5,40,1000,5,3
5,40,1000,1,3
20,5,100,1,3
20,1,1000,20,3
100,1,100,1,3
10,2,1000,5,3
20,1,100,5,3
5,40,100,1,3
10,5,100,1,3
100,5,1000,1,3
10,20,100,20,3
10,5,1000,5,3
10,40,1000,5,3
10,1,1000,5,3
10,2,100,5,3
10,10,100,5,3
10,40,100,1,3
20,5,1000,5,3
5,20,100,5,3
100,1,100,20,3
20,5,100,20,3
20,5,1000,20,3
5,5,1000,5,3
10,1,1000,20,3
10,10,1000,1,3
20,10,100,1,3
100,20,100,1,3
5,10,100,20,3
20,1,100,1,3
10,1,100,5,3
10,2,1000,20,3
5,40,1000,20,3
100,10,100,20,3
100,40,1000,5,3
20,20,100,5,3
20,5,1000,1,3
20,2,100,20,3
100,10,1000,1,3
20,40,100,20,3
10,20,1000,1,3
5,2,100,1,3
20,20,1000,1,3
20,10,1000,20,3
5,5,1000,20,3
10,10,100,20,3
10,5,1000,1,3
100,20,100,20,3
100,5,100,20,3
10,20,100,5,3
20,10,100,5,3
5,10,1000,5,3
10,2,100,1,3
100,5,100,1,3
100,20,1000,20,3
10,1,1000,1,3
10,10,1000,20,3
10,40,1000,20,3
20,20,1000,5,3
10,1,100,1,3
5,5,100,5,3
10,20,1000,5,3
5,20,1000,20,3
5,20,1000,1,3
5,1,1000,5,3
100,1,1000,5,3
100,2,1000,20,3
5,1,100,5,3
5,1,100,20,3
5,1,100,1,3
100,40,100,1,3
10,5,100,5,3
100,2,1000,1,3
10,1,100,20,3
100,10,1000,5,3
20,2,1000,20,3
100,1,100,5,3
100,20,1000,1,3
20,5,100,5,3
20,2,1000,5,3
10,2,1000,1,3
5,5,100,20,3
5,40,100,5,3
10,10,100,1,3
5,2,100,5,3
100,10,100,5,3
20,40,1000,20,3
5,20,100,20,3
20,10,1000,5,3
10,20,1000,20,3
100,20,1000,5,3
5,10,1000,1,4
5,1,1000,5,4
100,2,100,5,4
10,20,1000,20,4
100,2,1000,20,4
100,20,1000,1,4
5,1,1000,20,4
10,5,1000,20,4
100,10,1000,5,4
20,40,100,1,4
10,10,1000,1,4
10,20,1000,5,4
20,1,1000,1,4
5,20,100,1,4
100,40,100,20,4
100,5,100,5,4
20,40,1000,5,4
100,5,1000,20,4
5,40,100,1,4
100,20,100,1,4
100,5,1000,1,4
100,2,1000,5,4
5,40,100,20,4
100,10,100,5,4
20,5,1000,1,4
10,1,1000,20,4
20,40,1000,20,4
20,20,100,20,4
10,2,1000,5,4
5,10,100,1,4
20,2,100,1,4
20,10,100,20,4
10,5,100,1,4
100,2,100,20,4
5,2,1000,5,4
100,20,1000,20,4
10,1,100,20,4
10,20,100,1,4
5,2,100,5,4
5,40,1000,20,4
100,40,100,1,4
20,20,1000,5,4
5,40,1000,1,4
10,40,1000,1,4
5,5,1000,20,4
10,2,1000,20,4
10,40,100,1,4
100,1,100,5,4
100,20,100,5,4
100,2,100,1,4
5,5,100,20,4
20,5,100,20,4
20,2,1000,20,4
20,2,1000,1,4
5,20,1000,5,4
100,10,1000,20,4
20,40,100,5,4
100,5,100,1,4
100,40,1000,1,4
20,1,100,5,4
20,2,100,20,4
100,10,100,1,4
100,10,100,20,4
10,1,100,1,4
5,40,1000,5,4
20,1,1000,20,4
20,5,1000,20,4
100,20,1000,5,4
5,10,100,20,4
20,40,100,20,4
10,2,100,20,4
20,10,1000,20,4
100,40,1000,5,4
100,1,1000,1,4
5,1,100,5,4
10,20,100,5,4
20,10,1000,5,4
5,20,100,5,4
20,10,100,1,4
100,2,1000,1,4
5,10,100,5,4
10,1,1000,5,4
20,1,100,20,4
20,20,1000,20,4
20,10,1000,1,4
10,40,100,20,4
10,10,100,20,4
10,2,1000,1,4
5,5,1000,1,4
100,40,100,5,4
5,5,1000,5,4
20,20,100,1,4
10,40,1000,20,4
20,5,100,5,4
5,40,100,5,4
5,5,100,1,4
100,5,100,20,4
20,5,100,1,4
100,10,1000,1,4
5,20,1000,20,4
5,2,100,20,4
10,5,1000,5,4
10,20,100,20,4
100,20,100,20,4
10,2,100,5,4
20,5,1000,5,4
10,1,1000,1,4
10,40,1000,5,4
10,20,1000,1,4
100,40,1000,20,4
5,10,1000,5,4
10,2,100,1,4
5,20,1000,1,4
10,10,1000,20,4
5,1,100,20,4
10,5,100,20,4
10,10,100,1,4
5,2,100,1,4
20,1,100,1,4
20,2,1000,5,4
10,5,1000,1,4
20,10,100,5,4
10,40,100,5,4
100,1,1000,5,4
5,1,100,1,4
20,1,1000,5,4
10,10,100,5,4
5,10,1000,20,4
20,40,1000,1,4
5,2,1000,20,4
100,5,1000,5,4
100,1,1000,20,4
20,20,1000,1,4
20,20,100,5,4
10,1,100,5,4
10,10,1000,5,4
5,20,100,20,4
100,1,100,20,4
100,1,100,1,4
5,5,100,5,4
5,1,1000,1,4
5,2,1000,1,4
20,2,100,5,4
10,5,100,5,4
5,5,1000,20,5
20,40,100,20,5
100,20,100,20,5
5,40,1000,1,5
10,2,100,20,5
20,40,100,1,5
5,40,100,5,5
20,5,1000,1,5
100,10,100,1,5
5,40,100,1,5
100,5,100,1,5
20,5,1000,20,5
20,2,1000,20,5
100,40,1000,1,5
5,10,100,20,5
100,20,1000,20,5
10,20,100,20,5
5,5,100,1,5
20,10,100,20,5
20,10,1000,1,5
10,5,1000,5,5
20,1,1000,1,5
5,20,100,1,5
100,2,100,20,5
10,20,1000,1,5
10,40,1000,1,5
5,5,100,20,5
100,10,100,5,5
5,20,1000,5,5
20,1,1000,20,5
5,2,1000,1,5
20,20,100,20,5
100,5,100,20,5
20,40,1000,1,5
5,10,1000,20,5
10,2,100,5,5
20,20,1000,5,5
10,2,1000,20,5
100,1,1000,20,5
20,2,1000,5,5
5,40,1000,5,5
5,20,100,5,5
5,2,100,20,5
100,5,100,5,5
5,20,1000,1,5
20,1,100,1,5
100,2,100,1,5
20,2,100,1,5
100,2,1000,1,5
100,20,100,5,5
5,20,100,20,5
20,10,1000,20,5
5,5,1000,1,5
5,5,1000,5,5
10,5,1000,1,5
20,20,1000,20,5
10,5,100,20,5
10,20,1000,20,5
10,5,100,1,5
100,20,100,1,5
5,40,100,20,5
5,2,1000,20,5
20,10,100,5,5
5,10,1000,5,5
5,2,1000,5,5
20,1,100,20,5
10,1,100,5,5
100,2,100,5,5
5,10,100,5,5
10,40,100,5,5
10,1,100,20,5
100,20,1000,1,5
5,2,100,5,5
20,40,1000,5,5
100,20,1000,5,5
20,10,100,1,5
5,1,1000,1,5
10,2,1000,1,5
5,10,100,1,5
100,1,1000,5,5
20,10,1000,5,5
5,1,1000,5,5
5,1,100,20,5
100,10,1000,1,5
100,2,1000,5,5
10,10,1000,5,5
10,2,100,1,5
10,1,1000,5,5
100,10,100,20,5
10,10,1000,20,5
100,5,1000,20,5
5,1,100,5,5
5,5,100,5,5
20,20,100,5,5
20,40,1000,20,5
100,10,1000,5,5
10,10,100,20,5
10,1,100,1,5
100,40,100,20,5
20,5,100,20,5
20,20,1000,1,5
10,40,100,20,5
100,40,100,1,5
100,1,100,5,5
10,1,1000,20,5
10,2,1000,5,5
10,40,1000,5,5
20,5,1000,5,5
5,2,100,1,5
5,1,1000,20,5
10,10,100,1,5
100,40,1000,20,5
20,1,1000,5,5
100,1,1000,1,5
100,40,1000,5,5
10,5,1000,20,5
10,20,1000,5,5
20,2,1000,1,5
20,40,100,5,5
10,20,100,5,5
100,5,1000,1,5
5,10,1000,1,5
10,5,100,5,5
10,40,100,1,5
10,1,1000,1,5
20,5,100,1,5
20,1,100,5,5
100,2,1000,20,5
100,5,1000,5,5
100,1,100,20,5
20,20,100,1,5
5,40,1000,20,5
10,40,1000,20,5
100,10,1000,20,5
20,2,100,5,5
20,5,100,5,5
10,10,1000,1,5
5,20,1000,20,5
100,1,100,1,5
10,10,100,5,5
5,1,100,1,5
20,2,100,20,5
10,20,100,1,5
100,40,100,5,5
10,1,1000,1,6
5,40,1000,1,6
5,1,1000,20,6
100,20,100,20,6
20,1,100,1,6
100,1,1000,1,6
10,2,1000,1,6
10,1,1000,5,6
10,5,100,20,6
5,40,1000,5,6
10,10,100,1,6
100,1,1000,20,6
20,1,100,20,6
5,20,1000,20,6
5,5,100,20,6
10,5,1000,20,6
100,5,1000,5,6
100,2,1000,5,6
100,10,100,20,6
10,20,100,5,6
20,20,1000,5,6
100,1,1000,5,6
100,1,100,20,6
100,40,1000,1,6
10,40,100,5,6
100,10,1000,20,6
5,2,1000,5,6
10,1,100,5,6
20,20,1000,20,6
20,2,100,20,6
20,2,100,5,6
10,40,1000,20,6
5,20,100,20,6
100,20,100,1,6
10,40,100,1,6
100,20,100,5,6
10,20,1000,5,6
20,20,100,1,6
5,2,1000,1,6
20,5,1000,5,6
5,20,1000,5,6
10,1,100,1,6
10,2,100,5,6
20,1,100,5,6
20,20,1000,1,6
10,20,1000,1,6
10,10,100,20,6
100,10,100,5,6
5,2,1000,20,6
10,5,1000,5,6
10,5,100,5,6
5,1,1000,1,6
100,2,1000,1,6
20,40,1000,5,6
20,10,1000,20,6
5,40,100,5,6
20,20,100,20,6
100,40,1000,20,6
5,10,100,1,6
20,5,1000,20,6
10,2,100,20,6
10,20,1000,20,6
5,5,1000,1,6
100,40,100,5,6
20,40,100,1,6
5,5,100,1,6
10,2,1000,20,6
5,40,100,1,6
5,10,1000,5,6
5,1,100,5,6
5,5,100,5,6
10,1,100,20,6
100,5,100,1,6
100,20,1000,1,6
100,2,100,1,6
100,10,100,1,6
100,2,100,20,6
20,2,1000,5,6
20,2,100,1,6
20,5,100,20,6
5,10,1000,20,6
20,10,100,1,6
10,40,1000,5,6
100,20,1000,20,6
5,40,1000,20,6
100,20,1000,5,6
100,5,100,20,6
5,20,100,1,6
20,1,1000,20,6
10,10,1000,1,6
100,5,100,5,6
5,10,1000,1,6
10,40,1000,1,6
10,5,1000,1,6
10,2,100,1,6
10,5,100,1,6
100,1,100,1,6
5,10,100,20,6
100,5,1000,20,6
10,20,100,1,6
100,40,100,1,6
20,40,100,20,6
100,2,100,5,6
5,40,100,20,6
5,5,1000,20,6
100,2,1000,20,6
10,1,1000,20,6
5,20,1000,1,6
20,5,100,1,6
5,2,100,20,6
20,10,100,20,6
20,1,1000,5,6
20,40,1000,1,6
20,20,100,5,6
100,10,1000,5,6
10,2,1000,5,6
100,5,1000,1,6
5,1,100,1,6
20,2,1000,20,6
5,1,1000,5,6
5,10,100,5,6
10,10,1000,20,6
100,40,100,20,6
5,1,100,20,6
5,20,100,5,6
20,10,100,5,6
20,40,1000,20,6
20,5,1000,1,6
20,2,1000,1,6
10,40,100,20,6
5,2,100,5,6
20,1,1000,1,6
10,20,100,20,6
20,40,100,5,6
20,10,1000,5,6
100,40,1000,5,6
5,2,100,1,6
100,10,1000,1,6
10,10,100,5,6
10,10,1000,5,6
20,5,100,5,6
20,10,1000,1,6
5,5,1000,5,6
100,1,100,5,6
20,1,1000,1,7
5,20,1000,5,7
100,40,100,20,7
20,10,100,1,7
10,2,100,5,7
20,2,1000,1,7
5,2,100,1,7
10,5,100,5,7
10,5,1000,20,7
10,5,1000,5,7
5,20,100,5,7
10,40,1000,20,7
5,2,1000,1,7
100,10,100,1,7
20,5,1000,5,7
5,40,100,1,7
5,5,1000,5,7
20,5,1000,1,7
20,20,100,1,7
10,20,100,1,7
100,5,1000,20,7
5,10,1000,1,7
100,1,1000,5,7
20,40,1000,5,7
20,10,100,5,7
10,1,100,20,7
10,20,100,20,7
20,2,100,20,7
100,1,100,5,7
100,40,1000,1,7
20,2,1000,5,7
5,40,100,5,7
20,40,100,5,7
100,10,1000,1,7
10,5,100,20,7
10,5,100,1,7
20,40,1000,20,7
10,10,1000,1,7
5,10,1000,5,7
20,40,100,1,7
5,1,100,1,7
20,10,100,20,7
10,2,100,1,7
20,2,1000,20,7
20,10,1000,20,7
5,1,1000,1,7
20,20,1000,5,7
20,5,100,20,7
5,1,1000,5,7
5,2,1000,20,7
20,5,100,1,7
20,2,100,5,7
100,2,100,5,7
5,20,1000,1,7
100,40,1000,20,7
100,2,100,1,7
100,10,1000,5,7
10,2,1000,5,7
20,20,100,5,7
100,1,1000,1,7
10,20,1000,5,7
100,5,1000,1,7
100,2,1000,20,7
20,10,1000,1,7
10,40,100,1,7
20,1,1000,5,7
5,10,100,20,7
5,10,100,1,7
10,40,100,20,7
100,10,1000,20,7
10,2,1000,1,7
10,40,1000,1,7
10,10,1000,5,7
5,10,100,5,7
20,1,100,1,7
10,10,1000,20,7
10,1,1000,5,7
100,10,100,20,7
100,2,100,20,7
10,10,100,1,7
20,2,100,1,7
5,20,100,20,7
100,1,100,1,7
5,5,100,1,7
5,40,1000,20,7
20,1,1000,20,7
10,1,100,1,7
5,1,100,20,7
5,20,1000,20,7
5,5,100,5,7
20,40,1000,1,7
10,5,1000,1,7
100,1,100,20,7
100,20,100,5,7
10,1,1000,20,7
5,2,100,20,7
10,20,1000,1,7
20,5,100,5,7
10,2,100,20,7
5,5,1000,1,7
5,2,100,5,7
10,20,1000,20,7
5,40,1000,5,7
100,2,1000,1,7
100,20,1000,1,7
100,20,1000,20,7
20,20,1000,1,7
100,40,100,5,7
10,20,100,5,7
20,5,1000,20,7
100,2,1000,5,7
5,40,1000,1,7
100,40,1000,5,7
5,1,100,5,7
5,1,1000,20,7
10,1,1000,1,7
5,5,1000,20,7
10,10,100,5,7
100,40,100,1,7
100,5,100,1,7
10,40,100,5,7
100,5,100,5,7
20,1,100,5,7
10,2,1000,20,7
100,10,100,5,7
100,20,1000,5,7
100,20,100,1,7
5,2,1000,5,7
20,40,100,20,7
5,40,100,20,7
100,5,1000,5,7
5,5,100,20,7
5,10,1000,20,7
100,20,100,20,7
100,5,100,20,7
10,10,100,20,7
10,1,100,5,7
5,20,100,1,7
20,20,1000,20,7
20,10,1000,5,7
20,20,100,20,7
10,40,1000,5,7
100,1,1000,20,7
20,1,100,20,7
5,10,100,20,8
20,1,100,1,8
100,1,1000,20,8
5,10,100,1,8
5,2,1000,1,8
20,5,100,1,8
10,1,100,1,8
5,20,100,1,8
100,5,100,20,8
10,2,1000,20,8
20,2,100,20,8
20,1,100,5,8
5,20,100,5,8
10,40,1000,5,8
5,40,1000,20,8
5,5,1000,1,8
5,40,1000,1,8
5,2,100,5,8
5,1,1000,1,8
20,20,100,5,8
5,20,1000,20,8
20,2,100,5,8
10,10,1000,20,8
20,40,100,20,8
100,2,100,1,8
100,20,1000,1,8
20,1,1000,5,8
20,1,1000,1,8
100,20,100,1,8
10,20,100,1,8
20,2,100,1,8
100,1,1000,5,8
20,5,100,5,8
10,1,100,20,8
100,1,1000,1,8
100,40,1000,1,8
10,10,100,1,8
100,2,100,5,8
100,20,100,20,8
5,1,100,5,8
100,5,1000,1,8
20,40,1000,5,8
10,2,100,1,8
10,40,100,5,8
5,5,1000,20,8
100,10,1000,5,8
5,1,100,20,8
100,10,1000,20,8
100,2,1000,5,8
5,10,1000,20,8
10,20,100,5,8
5,40,1000,5,8
100,1,100,5,8
5,10,1000,1,8
5,20,100,20,8
10,1,1000,20,8
5,5,1000,5,8
20,10,1000,20,8
100,10,1000,1,8
20,20,1000,5,8
100,20,1000,20,8
100,20,100,5,8
20,2,1000,5,8
100,40,1000,5,8
20,5,1000,5,8
100,10,100,5,8
10,5,1000,20,8
100,40,1000,20,8
5,40,100,5,8
10,5,100,20,8
20,20,100,1,8
5,1,1000,5,8
5,1,1000,20,8
100,10,100,20,8
10,2,1000,5,8
5,5,100,20,8
5,2,1000,5,8
20,40,1000,20,8
100,20,1000,5,8
10,20,1000,20,8
100,10,100,1,8
20,10,100,5,8
10,2,100,20,8
10,5,100,1,8
5,20,1000,5,8
10,10,1000,5,8
100,5,100,5,8
10,2,100,5,8
5,5,100,1,8
20,5,1000,1,8
20,20,100,20,8
100,40,100,5,8
10,20,1000,1,8
20,2,1000,20,8
20,10,100,1,8
100,2,1000,20,8
100,5,1000,5,8
20,1,100,20,8
10,40,1000,1,8
10,5,1000,5,8
5,10,1000,5,8
20,40,100,5,8
100,40,100,1,8
5,2,100,20,8
20,10,100,20,8
5,10,100,5,8
10,10,100,20,8
10,20,100,20,8
100,40,100,20,8
5,2,1000,20,8
20,20,1000,1,8
5,1,100,1,8
5,40,100,1,8
10,5,1000,1,8
10,1,1000,1,8
100,1,100,1,8
10,40,1000,20,8
20,5,1000,20,8
10,10,1000,1,8
10,2,1000,1,8
20,2,1000,1,8
20,40,100,1,8
5,20,1000,1,8
5,2,100,1,8
20,10,1000,1,8
100,2,1000,1,8
20,10,1000,5,8
20,5,100,20,8
5,40,100,20,8
100,1,100,20,8
100,5,1000,20,8
10,1,1000,5,8
20,1,1000,20,8
100,2,100,20,8
20,40,1000,1,8
100,5,100,1,8
20,20,1000,20,8
5,5,100,5,8
10,40,100,20,8
10,1,100,5,8
10,40,100,1,8
10,20,1000,5,8
10,5,100,5,8
10,10,100,5,8
20,5,100,20,9
10,10,100,20,9
5,1,1000,5,9
5,10,1000,1,9
5,10,1000,5,9
20,1,100,5,9
10,1,1000,1,9
100,10,1000,5,9
10,5,1000,20,9
10,1,1000,20,9
20,5,1000,5,9
10,10,100,5,9
10,1,1000,5,9
10,40,1000,20,9
10,10,1000,20,9
20,1,100,20,9
10,40,1000,1,9
20,1,1000,1,9
20,20,1000,5,9
5,2,100,20,9
20,20,1000,1,9
20,20,1000,20,9
5,5,100,5,9
5,20,1000,1,9
10,1,100,20,9
100,5,1000,1,9
20,10,100,20,9
10,2,1000,5,9
100,20,1000,20,9
5,2,1000,5,9
10,2,1000,20,9
10,40,1000,5,9
20,40,1000,5,9
10,1,100,1,9
5,20,100,1,9
20,5,1000,20,9
20,2,1000,20,9
5,20,100,20,9
20,20,100,1,9
5,1,100,1,9
10,5,1000,5,9
100,20,1000,5,9
5,5,1000,1,9
20,10,1000,1,9
5,20,1000,20,9
10,2,1000,1,9
100,1,100,5,9
5,40,100,20,9
10,2,100,20,9
100,5,100,20,9
20,40,1000,20,9
10,5,1000,1,9
10,40,100,5,9
20,40,100,5,9
5,2,100,1,9
20,1,100,1,9
5,2,1000,1,9
100,2,100,1,9
20,5,100,5,9
5,5,1000,20,9
10,20,100,1,9
5,1,100,20,9
10,2,100,1,9
5,1,100,5,9
5,2,100,5,9
20,2,1000,5,9
20,2,100,5,9
100,20,100,1,9
10,20,1000,1,9
5,40,1000,1,9
20,40,1000,1,9
5,2,1000,20,9
20,40,100,20,9
10,10,1000,1,9
20,10,100,5,9
20,2,100,1,9
100,10,1000,20,9
100,1,1000,20,9
100,40,100,1,9
100,1,1000,5,9
5,40,100,1,9
10,5,100,1,9
5,20,100,5,9
100,40,100,5,9
100,10,100,20,9
10,40,100,20,9
5,5,1000,5,9
10,5,100,5,9
10,20,1000,5,9
100,1,1000,1,9
100,10,100,1,9
10,40,100,1,9
10,1,100,5,9
10,10,100,1,9
20,40,100,1,9
20,2,1000,1,9
10,20,100,20,9
20,2,100,20,9
5,40,1000,20,9
20,20,100,5,9
100,20,100,5,9
100,1,100,1,9
20,10,1000,5,9
5,10,1000,20,9
5,10,100,5,9
5,20,1000,5,9
100,1,100,20,9
100,2,1000,1,9
20,10,100,1,9
5,10,100,1,9
10,20,1000,20,9
100,5,1000,20,9
100,10,100,5,9
5,1,1000,20,9
20,20,100,20,9
100,20,100,20,9
100,40,1000,5,9
100,10,1000,1,9
20,1,1000,5,9
10,10,1000,5,9
100,2,100,5,9
100,40,100,20,9
100,40,1000,1,9
5,40,100,5,9
100,40,1000,20,9
100,2,100,20,9
5,5,100,20,9
20,5,1000,1,9
100,5,100,1,9
100,20,1000,1,9
100,5,100,5,9
5,40,1000,5,9
10,2,100,5,9
20,1,1000,20,9
10,5,100,20,9
100,2,1000,5,9
20,5,100,1,9
5,10,100,20,9
100,5,1000,5,9
5,1,1000,1,9
10,20,100,5,9
20,10,1000,20,9
5,5,100,1,9
100,2,1000,20,9
5,2,100,20,10
100,20,100,1,10
5,40,100,20,10
20,1,1000,1,10
10,5,100,5,10
100,2,100,5,10
100,20,100,20,10
100,20,100,5,10
5,20,100,20,10
100,5,100,20,10
10,2,100,1,10
20,20,1000,1,10
20,40,100,5,10
5,2,100,1,10
10,5,100,20,10
5,10,1000,1,10
5,5,1000,5,10
100,1,100,5,10
100,40,100,20,10
5,20,1000,5,10
20,5,100,5,10
100,2,100,20,10
10,1,1000,1,10
20,5,100,1,10
10,20,100,5,10
5,5,100,20,10
5,10,100,20,10
10,40,100,5,10
5,2,100,5,10
20,20,100,1,10
10,40,1000,20,10
20,40,100,1,10
20,10,100,20,10
5,20,1000,20,10
20,40,1000,5,10
5,20,100,5,10
100,10,1000,1,10
20,5,1000,1,10
20,10,1000,20,10
10,20,100,20,10
100,1,1000,5,10
10,10,100,5,10
100,40,1000,5,10
100,20,1000,5,10
5,5,100,1,10
100,5,1000,5,10
10,10,100,20,10
10,5,1000,5,10
5,1,100,5,10
100,20,1000,20,10
100,2,1000,1,10
100,1,100,1,10
20,2,100,5,10
5,2,1000,20,10
100,40,100,5,10
10,10,1000,1,10
100,2,1000,20,10
100,40,1000,20,10
20,1,1000,5,10
5,40,1000,1,10
20,2,100,1,10
10,2,1000,20,10
10,40,1000,1,10
20,10,100,1,10
10,1,1000,5,10
20,5,100,20,10
5,40,100,5,10
10,20,1000,20,10
100,1,1000,20,10
5,1,1000,5,10
10,1,100,20,10
10,5,1000,20,10
100,5,1000,20,10
100,20,1000,1,10
100,10,100,1,10
10,20,1000,1,10
20,5,1000,5,10
10,1,100,1,10
100,10,100,5,10
5,20,100,1,10
5,1,100,1,10
10,20,1000,5,10
100,2,100,1,10
100,40,1000,1,10
5,40,1000,20,10
100,10,100,20,10
5,10,1000,20,10
10,40,100,20,10
5,10,100,5,10
10,2,100,20,10
20,20,100,5,10
5,40,100,1,10
5,5,1000,20,10
10,2,1000,5,10
20,40,1000,1,10
20,5,1000,20,10
10,40,100,1,10
5,5,100,5,10
100,40,100,1,10
10,5,1000,1,10
100,10,1000,5,10
20,40,1000,20,10
20,10,100,5,10
10,1,100,5,10
10,2,1000,1,10
20,1,1000,20,10
5,10,1000,5,10
5,40,1000,5,10
100,10,1000,20,10
5,2,1000,5,10
5,5,1000,1,10
20,2,1000,20,10
20,1,100,5,10
100,5,100,1,10
5,1,1000,20,10
20,20,1000,20,10
100,5,1000,1,10
10,10,100,1,10
100,5,100,5,10
100,2,1000,5,10
20,2,1000,1,10
20,2,100,20,10
20,40,100,20,10
20,1,100,1,10
5,20,1000,1,10
20,10,1000,5,10
10,1,1000,20,10
20,10,1000,1,10
10,5,100,1,10
5,1,1000,1,10
10,2,100,5,10
10,40,1000,5,10
20,1,100,20,10
10,20,100,1,10
5,10,100,1,10
100,1,100,20,10
5,1,100,20,10
5,2,1000,1,10
10,10,1000,5,10
20,20,1000,5,10
20,2,1000,5,10
100,1,1000,1,10
10,10,1000,20,10
20,20,100,20,10
